Episode,Context Summary,Question,Answer
"Game of Thrones Season 8, Episode 1: Winterfell","In the final season premiere, Jon Snow and Daenerys Targaryen arrive at Winterfell with their combined armies. The episode sees a range of reunions and introduces tensions between characters, especially regarding Daenerys’ leadership and the impending threat. As the North prepares for war against the Night King, secrets about Jon's lineage come to light, threatening alliances.",Who accompanies Daenerys Targaryen on her arrival to Winterfell?,"Daenerys arrives with Jon Snow and her combined armies, including the Unsullied and Dothraki."
"Game of Thrones Season 8, Episode 1: Winterfell","In the final season premiere, Jon Snow and Daenerys Targaryen arrive at Winterfell with their combined armies. The episode sees a range of reunions and introduces tensions between characters, especially regarding Daenerys’ leadership and the impending threat. As the North prepares for war against the Night King, secrets about Jon's lineage come to light, threatening alliances.",How does Sansa Stark receive Daenerys Targaryen?,"Sansa is cautious and skeptical, questioning Daenerys’ motives and expressing concern about the Northerners' loyalty."
"Game of Thrones Season 8, Episode 1: Winterfell","In the final season premiere, Jon Snow and Daenerys Targaryen arrive at Winterfell with their combined armies. The episode sees a range of reunions and introduces tensions between characters, especially regarding Daenerys’ leadership and the impending threat. As the North prepares for war against the Night King, secrets about Jon's lineage come to light, threatening alliances.",What secret about Jon Snow is revealed to him by Samwell Tarly?,"Samwell Tarly reveals to Jon that he is actually Aegon Targaryen, the legitimate heir to the Iron Throne."
"Game of Thrones Season 8, Episode 1: Winterfell","In the final season premiere, Jon Snow and Daenerys Targaryen arrive at Winterfell with their combined armies. The episode sees a range of reunions and introduces tensions between characters, especially regarding Daenerys’ leadership and the impending threat. As the North prepares for war against the Night King, secrets about Jon's lineage come to light, threatening alliances.",What is Bran Stark’s primary concern upon Jon and Daenerys' arrival?,Bran is focused on the impending threat of the Night King and urges action to address it quickly.
"Game of Thrones Season 8, Episode 1: Winterfell","In the final season premiere, Jon Snow and Daenerys Targaryen arrive at Winterfell with their combined armies. The episode sees a range of reunions and introduces tensions between characters, especially regarding Daenerys’ leadership and the impending threat. As the North prepares for war against the Night King, secrets about Jon's lineage come to light, threatening alliances.",What tension arises related to leadership among the Northmen?,There is tension between Jon Snow and the Northern lords over his decision to bend the knee to Daenerys.
"Game of Thrones Season 8, Episode 1: Winterfell","In the final season premiere, Jon Snow and Daenerys Targaryen arrive at Winterfell with their combined armies. The episode sees a range of reunions and introduces tensions between characters, especially regarding Daenerys’ leadership and the impending threat. As the North prepares for war against the Night King, secrets about Jon's lineage come to light, threatening alliances.",What is Arya Stark's reaction upon reuniting with Jon Snow?,"Arya is pleased and emotional, yet she highlights the importance of family loyalty over any queen's rule."
"Game of Thrones Season 8, Episode 1: Winterfell","In the final season premiere, Jon Snow and Daenerys Targaryen arrive at Winterfell with their combined armies. The episode sees a range of reunions and introduces tensions between characters, especially regarding Daenerys’ leadership and the impending threat. As the North prepares for war against the Night King, secrets about Jon's lineage come to light, threatening alliances.",How does the arrival of the Golden Company impact King's Landing?,"The Golden Company's arrival strengthens Cersei Lannister’s defenses, as she prepares to face Daenerys’ impending assault."
"Game of Thrones Season 8, Episode 1: Winterfell","In the final season premiere, Jon Snow and Daenerys Targaryen arrive at Winterfell with their combined armies. The episode sees a range of reunions and introduces tensions between characters, especially regarding Daenerys’ leadership and the impending threat. As the North prepares for war against the Night King, secrets about Jon's lineage come to light, threatening alliances.","Who receives Ser Jaime Lannister at Winterfell, and what is the reaction?","Bran Stark recognizes Jaime, but with an enigmatic demeanor, highlighting the past confrontation they had."
"Game of Thrones Season 8, Episode 1: Winterfell","In the final season premiere, Jon Snow and Daenerys Targaryen arrive at Winterfell with their combined armies. The episode sees a range of reunions and introduces tensions between characters, especially regarding Daenerys’ leadership and the impending threat. As the North prepares for war against the Night King, secrets about Jon's lineage come to light, threatening alliances.",How does Daenerys plan to confront Cersei Lannister after securing the North?,Daenerys intends to march South to seize the Iron Throne from Cersei with her dragons and armies.
"Game of Thrones Season 8, Episode 1: Winterfell","In the final season premiere, Jon Snow and Daenerys Targaryen arrive at Winterfell with their combined armies. The episode sees a range of reunions and introduces tensions between characters, especially regarding Daenerys’ leadership and the impending threat. As the North prepares for war against the Night King, secrets about Jon's lineage come to light, threatening alliances.",What strategic advantage does Daenerys gain with her dragons?,"Her dragons symbolize a formidable force, boosting morale among her allies, though there is concern over food shortage in Winterfell."
"Game of Thrones Season 8, Episode 2: A Knight of the Seven Kingdoms","The characters at Winterfell prepare for the imminent battle against the Night King. Jaime Lannister arrives and faces judgment for his past actions. The episode is marked by bonding moments, including Brienne of Tarth being knighted by Jaime, and several characters pondering their fate as the threat looms closer.",What judgment does Jaime Lannister face upon his arrival at Winterfell?,"Jaime faces judgment for his past actions, particularly towards Daenerys' father, and has to justify his presence and loyalty at Winterfell."
"Game of Thrones Season 8, Episode 2: A Knight of the Seven Kingdoms","The characters at Winterfell prepare for the imminent battle against the Night King. Jaime Lannister arrives and faces judgment for his past actions. The episode is marked by bonding moments, including Brienne of Tarth being knighted by Jaime, and several characters pondering their fate as the threat looms closer.",Who knights Brienne of Tarth in this episode?,"Jaime Lannister knights Brienne of Tarth in an emotional scene, recognizing her valor and honor."
"Game of Thrones Season 8, Episode 2: A Knight of the Seven Kingdoms","The characters at Winterfell prepare for the imminent battle against the Night King. Jaime Lannister arrives and faces judgment for his past actions. The episode is marked by bonding moments, including Brienne of Tarth being knighted by Jaime, and several characters pondering their fate as the threat looms closer.","What song is sung by Podrick Payne, and what significance does it hold?","Podrick sings 'Jenny’s Song,' which speaks to themes of love and loss—symbolic of the characters' feeling of impending doom."
"Game of Thrones Season 8, Episode 2: A Knight of the Seven Kingdoms","The characters at Winterfell prepare for the imminent battle against the Night King. Jaime Lannister arrives and faces judgment for his past actions. The episode is marked by bonding moments, including Brienne of Tarth being knighted by Jaime, and several characters pondering their fate as the threat looms closer.",What revelation does Jon Snow make to Daenerys Targaryen regarding his lineage?,"Jon reveals to Daenerys that he is Aegon Targaryen, heir to the Iron Throne, laying the groundwork for future tension."
"Game of Thrones Season 8, Episode 2: A Knight of the Seven Kingdoms","The characters at Winterfell prepare for the imminent battle against the Night King. Jaime Lannister arrives and faces judgment for his past actions. The episode is marked by bonding moments, including Brienne of Tarth being knighted by Jaime, and several characters pondering their fate as the threat looms closer.",How does Arya Stark spend the night before the battle at Winterfell?,"Arya chooses to experience intimacy with Gendry, recognizing the uncertainty of their chances of survival."
"Game of Thrones Season 8, Episode 2: A Knight of the Seven Kingdoms","The characters at Winterfell prepare for the imminent battle against the Night King. Jaime Lannister arrives and faces judgment for his past actions. The episode is marked by bonding moments, including Brienne of Tarth being knighted by Jaime, and several characters pondering their fate as the threat looms closer.",What discussion does Sansa Stark have with Daenerys regarding the future?,"Sansa questions Daenerys about the North's future once she claims the throne, emphasizing Northern independence."
"Game of Thrones Season 8, Episode 2: A Knight of the Seven Kingdoms","The characters at Winterfell prepare for the imminent battle against the Night King. Jaime Lannister arrives and faces judgment for his past actions. The episode is marked by bonding moments, including Brienne of Tarth being knighted by Jaime, and several characters pondering their fate as the threat looms closer.",How do the characters cope with the possible threat of death in this episode?,"The characters share vulnerable and reflective moments, recognizing their mortality and sharing camaraderie."
"Game of Thrones Season 8, Episode 2: A Knight of the Seven Kingdoms","The characters at Winterfell prepare for the imminent battle against the Night King. Jaime Lannister arrives and faces judgment for his past actions. The episode is marked by bonding moments, including Brienne of Tarth being knighted by Jaime, and several characters pondering their fate as the threat looms closer.",What advice does Davos Seaworth give Gilly in Winterfell?,"Davos instructs Gilly on preparedness, advising protection and safety for the non-combatants in Winterfell."
"Game of Thrones Season 8, Episode 2: A Knight of the Seven Kingdoms","The characters at Winterfell prepare for the imminent battle against the Night King. Jaime Lannister arrives and faces judgment for his past actions. The episode is marked by bonding moments, including Brienne of Tarth being knighted by Jaime, and several characters pondering their fate as the threat looms closer.",What roles do Tormund Giantsbane and Jon Snow discuss during their nostalgic conversations?,"They reminisce about the past, contemplating leadership, loyalty, and the value of giants in the coming fight."
"Game of Thrones Season 8, Episode 2: A Knight of the Seven Kingdoms","The characters at Winterfell prepare for the imminent battle against the Night King. Jaime Lannister arrives and faces judgment for his past actions. The episode is marked by bonding moments, including Brienne of Tarth being knighted by Jaime, and several characters pondering their fate as the threat looms closer.",How is Tyrion Lannister's leadership approach revealed in this episode?,"Tyrion emphasizes unity and practicality, encouraging the sharing of past experiences and theories with others."
"Game of Thrones Season 8, Episode 3: The Long Night","The much-anticipated battle at Winterfell against the Night King's forces unfolds in an intense and chaotic confrontation. As characters face seemingly insurmountable odds, Arya Stark ultimately delivers the killing blow to the Night King, ending the Army of the Dead's threat.",How is the Night King ultimately defeated in the episode?,"Arya Stark heroically lands the killing blow on the Night King, shattering him and ending his army's threat."
"Game of Thrones Season 8, Episode 3: The Long Night","The much-anticipated battle at Winterfell against the Night King's forces unfolds in an intense and chaotic confrontation. As characters face seemingly insurmountable odds, Arya Stark ultimately delivers the killing blow to the Night King, ending the Army of the Dead's threat.",What initial strategy does the alliance use against the Army of the Dead?,"The alliance begins with a cavalry charge from the Dothraki, ignited by Melisandre, followed by defenses built around dragons and archers."
"Game of Thrones Season 8, Episode 3: The Long Night","The much-anticipated battle at Winterfell against the Night King's forces unfolds in an intense and chaotic confrontation. As characters face seemingly insurmountable odds, Arya Stark ultimately delivers the killing blow to the Night King, ending the Army of the Dead's threat.",Why was the visibility noticeably low in the episode?,"The episode's intentionally dark cinematography was meant to convey chaos and brutality, although some viewers found it difficult to discern the action."
"Game of Thrones Season 8, Episode 3: The Long Night","The much-anticipated battle at Winterfell against the Night King's forces unfolds in an intense and chaotic confrontation. As characters face seemingly insurmountable odds, Arya Stark ultimately delivers the killing blow to the Night King, ending the Army of the Dead's threat.",Who serves as the bait for the Night King in the strategy devised by the alliance?,"Bran Stark acts as bait, using himself as a lure in the Godswood to trap the Night King."
"Game of Thrones Season 8, Episode 3: The Long Night","The much-anticipated battle at Winterfell against the Night King's forces unfolds in an intense and chaotic confrontation. As characters face seemingly insurmountable odds, Arya Stark ultimately delivers the killing blow to the Night King, ending the Army of the Dead's threat.",What was Melisandre's role during the Battle of Winterfell?,Melisandre uses her magic to ignite the Dothraki weapons and assists in providing light in a key moment for the defenders.
"Game of Thrones Season 8, Episode 3: The Long Night","The much-anticipated battle at Winterfell against the Night King's forces unfolds in an intense and chaotic confrontation. As characters face seemingly insurmountable odds, Arya Stark ultimately delivers the killing blow to the Night King, ending the Army of the Dead's threat.",How do Daenerys and Jon Snow participate in the battle?,"They fight using their dragons, Drogon and Rhaegal, aiming to provide aerial support and attempt to attack the Night King."
"Game of Thrones Season 8, Episode 3: The Long Night","The much-anticipated battle at Winterfell against the Night King's forces unfolds in an intense and chaotic confrontation. As characters face seemingly insurmountable odds, Arya Stark ultimately delivers the killing blow to the Night King, ending the Army of the Dead's threat.",What is Lyanna Mormont's fate in this battle?,"Lyanna dies bravely while taking down an undead giant, showcasing her fierce spirit despite her small stature."
"Game of Thrones Season 8, Episode 3: The Long Night","The much-anticipated battle at Winterfell against the Night King's forces unfolds in an intense and chaotic confrontation. As characters face seemingly insurmountable odds, Arya Stark ultimately delivers the killing blow to the Night King, ending the Army of the Dead's threat.",How does Theon Greyjoy confront his past in the episode?,"Theon demonstrates redemption through his courageous defense of Bran Stark, ultimately sacrificing his life when confronting the Night King."
"Game of Thrones Season 8, Episode 3: The Long Night","The much-anticipated battle at Winterfell against the Night King's forces unfolds in an intense and chaotic confrontation. As characters face seemingly insurmountable odds, Arya Stark ultimately delivers the killing blow to the Night King, ending the Army of the Dead's threat.",What defensive formations do some characters adopt when the dead breach Winterfell?,"Key characters and soldiers retreat into the interior, fighting in the castles’ narrow halls, forming strategic positions against the wights."
"Game of Thrones Season 8, Episode 3: The Long Night","The much-anticipated battle at Winterfell against the Night King's forces unfolds in an intense and chaotic confrontation. As characters face seemingly insurmountable odds, Arya Stark ultimately delivers the killing blow to the Night King, ending the Army of the Dead's threat.",What symbolic moment occurs when Arya delivers the fatal blow?,"Arya's triumph is foreshadowed by her skills and training, signifying fate’s unpredictability and her role as a pivotal figure in Westeros."
"Game of Thrones Season 8, Episode 4: The Last of the Starks","With the Night King defeated, the survivors at Winterfell regroup and grieve their losses. Tensions rise between various characters as they prepare to face Cersei Lannister in King's Landing. Daenerys suffers significant setbacks, including the loss of one of her dragons and a close advisor.",What significant loss does Daenerys face in this episode involving her dragons?,"Daenerys loses her dragon Rhaegal, who is killed by Euron Greyjoy's fleet using mounted scorpions."
"Game of Thrones Season 8, Episode 4: The Last of the Starks","With the Night King defeated, the survivors at Winterfell regroup and grieve their losses. Tensions rise between various characters as they prepare to face Cersei Lannister in King's Landing. Daenerys suffers significant setbacks, including the loss of one of her dragons and a close advisor.",What action does Jon Snow take during the celebration at Winterfell that impacts the loyalty of the Northerners?,"Jon celebrates with his troops, reinforcing their support with commendations, though his unclear intentions about his lineage raise concerns."
"Game of Thrones Season 8, Episode 4: The Last of the Starks","With the Night King defeated, the survivors at Winterfell regroup and grieve their losses. Tensions rise between various characters as they prepare to face Cersei Lannister in King's Landing. Daenerys suffers significant setbacks, including the loss of one of her dragons and a close advisor.",How does Varys express his concerns about Daenerys’ approach to taking the Iron Throne?,Varys becomes increasingly wary of Daenerys' potential for tyranny and discusses alternative succession plans with Tyrion.
"Game of Thrones Season 8, Episode 4: The Last of the Starks","With the Night King defeated, the survivors at Winterfell regroup and grieve their losses. Tensions rise between various characters as they prepare to face Cersei Lannister in King's Landing. Daenerys suffers significant setbacks, including the loss of one of her dragons and a close advisor.",What are the consequences of Jon Snow revealing the truth about his parentage to his siblings?,Jon’s revelation creates tension with Daenerys and political uncertainty among his siblings regarding loyalty and inheritance.
"Game of Thrones Season 8, Episode 4: The Last of the Starks","With the Night King defeated, the survivors at Winterfell regroup and grieve their losses. Tensions rise between various characters as they prepare to face Cersei Lannister in King's Landing. Daenerys suffers significant setbacks, including the loss of one of her dragons and a close advisor.",How does Missandei's capture affect Daenerys' strategy?,"Daenerys becomes more aggressive in her tactics after Missandei is beheaded by Cersei, seen as an act pushing her toward vengeance."
"Game of Thrones Season 8, Episode 4: The Last of the Starks","With the Night King defeated, the survivors at Winterfell regroup and grieve their losses. Tensions rise between various characters as they prepare to face Cersei Lannister in King's Landing. Daenerys suffers significant setbacks, including the loss of one of her dragons and a close advisor.",How does Sansa Stark view the ongoing conflict for the Iron Throne?,"Sansa remains skeptical, continuing to prioritize Northern independence and expressing caution regarding Daenerys' volatile responses."
"Game of Thrones Season 8, Episode 4: The Last of the Starks","With the Night King defeated, the survivors at Winterfell regroup and grieve their losses. Tensions rise between various characters as they prepare to face Cersei Lannister in King's Landing. Daenerys suffers significant setbacks, including the loss of one of her dragons and a close advisor.","What is Arya Stark's decision regarding traveling to King's Landing, and who does she accompany?","Arya decides to head to King's Landing to confront Cersei, traveling with Sandor Clegane who seeks his own confrontation with his brother."
"Game of Thrones Season 8, Episode 4: The Last of the Starks","With the Night King defeated, the survivors at Winterfell regroup and grieve their losses. Tensions rise between various characters as they prepare to face Cersei Lannister in King's Landing. Daenerys suffers significant setbacks, including the loss of one of her dragons and a close advisor.",How does Jaime Lannister respond to his emotions towards Brienne?,"Jaime shares a tender and intimate moment with Brienne, but ultimately decides to leave, drawn back to Cersei in King's Landing."
"Game of Thrones Season 8, Episode 4: The Last of the Starks","With the Night King defeated, the survivors at Winterfell regroup and grieve their losses. Tensions rise between various characters as they prepare to face Cersei Lannister in King's Landing. Daenerys suffers significant setbacks, including the loss of one of her dragons and a close advisor.",What does Euron Greyjoy’s fleet achieve against Daenerys' forces? ,"Euron's fleet surprises Daenerys, striking with new weapons and leading to Rhaegal’s death and shifting the balance of power."
"Game of Thrones Season 8, Episode 4: The Last of the Starks","With the Night King defeated, the survivors at Winterfell regroup and grieve their losses. Tensions rise between various characters as they prepare to face Cersei Lannister in King's Landing. Daenerys suffers significant setbacks, including the loss of one of her dragons and a close advisor.",What role does Tyrion play in negotiating with Cersei?,"Tyrion attempts to broker peace with Cersei by leveraging sentiments for her unborn child, but ultimately sees his negotiations fail."
"Game of Thrones Season 8, Episode 5: The Bells","Daenerys Targaryen launches an assault on King's Landing, and the city falls to ruin despite the Lannister forces' surrender. The destruction wrought by Daenerys shocks many, including Tyrion and Jon Snow, as the moral implications of her claim to the throne become more complex.",What is the outcome of Daenerys Targaryen's attack on King's Landing despite the city's surrender?,"Despite the Lannister forces' surrender, Daenerys destroys much of King's Landing with Drogon, causing extensive civilian casualties."
"Game of Thrones Season 8, Episode 5: The Bells","Daenerys Targaryen launches an assault on King's Landing, and the city falls to ruin despite the Lannister forces' surrender. The destruction wrought by Daenerys shocks many, including Tyrion and Jon Snow, as the moral implications of her claim to the throne become more complex.",How does the sound of the bells impact the attack on King's Landing?,"The bells toll for surrender, but despite this, Daenerys ignites her fury with Drogon, continuing the assault in a moment of devastation."
"Game of Thrones Season 8, Episode 5: The Bells","Daenerys Targaryen launches an assault on King's Landing, and the city falls to ruin despite the Lannister forces' surrender. The destruction wrought by Daenerys shocks many, including Tyrion and Jon Snow, as the moral implications of her claim to the throne become more complex.",What are Jon Snow's actions during the sack of King's Landing?,"Jon attempts to pull his troops back, trying to stop unnecessary violence, visibly disturbed by Daenerys' decisions."
"Game of Thrones Season 8, Episode 5: The Bells","Daenerys Targaryen launches an assault on King's Landing, and the city falls to ruin despite the Lannister forces' surrender. The destruction wrought by Daenerys shocks many, including Tyrion and Jon Snow, as the moral implications of her claim to the throne become more complex.",Which main character dies by falling debris in King's Landing?,"Cersei and Jaime Lannister die together in the Red Keep as it collapses under the assault, their tragic end intertwined."
"Game of Thrones Season 8, Episode 5: The Bells","Daenerys Targaryen launches an assault on King's Landing, and the city falls to ruin despite the Lannister forces' surrender. The destruction wrought by Daenerys shocks many, including Tyrion and Jon Snow, as the moral implications of her claim to the throne become more complex.",What catalyst prompts Arya Stark to abandon her mission to kill Cersei?,"Arya decides to leave after witnessing the destruction and death around her, understanding that more life depends on survival than vengeance."
"Game of Thrones Season 8, Episode 5: The Bells","Daenerys Targaryen launches an assault on King's Landing, and the city falls to ruin despite the Lannister forces' surrender. The destruction wrought by Daenerys shocks many, including Tyrion and Jon Snow, as the moral implications of her claim to the throne become more complex.",How does Tyrion Lannister attempt to mitigate destruction before the attack?,"Tyrion attempts diplomatic appeals for surrender and releases Jaime, encouraging him to escape with Cersei."
"Game of Thrones Season 8, Episode 5: The Bells","Daenerys Targaryen launches an assault on King's Landing, and the city falls to ruin despite the Lannister forces' surrender. The destruction wrought by Daenerys shocks many, including Tyrion and Jon Snow, as the moral implications of her claim to the throne become more complex.",What prompts Daenerys to ignore claims of King's Landing’s surrender?,"A combination of paranoia, grief, and relentless pursuit of her vision for a 'better world' lead Daenerys to continue her attack."
"Game of Thrones Season 8, Episode 5: The Bells","Daenerys Targaryen launches an assault on King's Landing, and the city falls to ruin despite the Lannister forces' surrender. The destruction wrought by Daenerys shocks many, including Tyrion and Jon Snow, as the moral implications of her claim to the throne become more complex.",What vision does Daenerys adopt concerning her own rule during the attack?,"Daenerys envisions reshaping societies for a 'better' rule, yet her methods display the descent into tyranny."
"Game of Thrones Season 8, Episode 5: The Bells","Daenerys Targaryen launches an assault on King's Landing, and the city falls to ruin despite the Lannister forces' surrender. The destruction wrought by Daenerys shocks many, including Tyrion and Jon Snow, as the moral implications of her claim to the throne become more complex.",How does Sandor Clegane (The Hound) conclude his arc in this episode?,"The Hound confronts and fights his brother, Gregor Clegane (The Mountain), leading to their mutual demise."
"Game of Thrones Season 8, Episode 5: The Bells","Daenerys Targaryen launches an assault on King's Landing, and the city falls to ruin despite the Lannister forces' surrender. The destruction wrought by Daenerys shocks many, including Tyrion and Jon Snow, as the moral implications of her claim to the throne become more complex.",What is Jaime Lannister’s intention as he returns to King's Landing?,"Jaime returns to King's Landing seeking to reunite with Cersei and attempts an escape, demonstrating unwavering loyalty."
"Game of Thrones Season 8, Episode 6: The Iron Throne","In the series finale, the aftermath of Daenerys' destruction is addressed, and Jon Snow makes a pivotal choice regarding her reign. The fate of the Iron Throne is decided, leading to a new chapter for the remaining characters, including Bran Stark being named king.",What pivotal decision does Jon Snow make concerning Daenerys Targaryen in the final episode?,"Jon Snow fatally stabs Daenerys, recognizing her potential for tyranny and obsession with her vision."
"Game of Thrones Season 8, Episode 6: The Iron Throne","In the series finale, the aftermath of Daenerys' destruction is addressed, and Jon Snow makes a pivotal choice regarding her reign. The fate of the Iron Throne is decided, leading to a new chapter for the remaining characters, including Bran Stark being named king.",Who is chosen to rule Westeros after the overthrow of Daenerys?,"Bran Stark is selected as king by the lords of Westeros, in part due to his detached wisdom and neutrality."
"Game of Thrones Season 8, Episode 6: The Iron Throne","In the series finale, the aftermath of Daenerys' destruction is addressed, and Jon Snow makes a pivotal choice regarding her reign. The fate of the Iron Throne is decided, leading to a new chapter for the remaining characters, including Bran Stark being named king.",What territory does Sansa Stark claim independence from in the episode's conclusion?,"Sansa claims independence for the North, declaring it a free kingdom with herself as its queen."
"Game of Thrones Season 8, Episode 6: The Iron Throne","In the series finale, the aftermath of Daenerys' destruction is addressed, and Jon Snow makes a pivotal choice regarding her reign. The fate of the Iron Throne is decided, leading to a new chapter for the remaining characters, including Bran Stark being named king.",What realization does Arya Stark come to at the close of the series?,"Arya decides to explore uncharted territories west of Westeros, intrigued by what lies beyond known maps."
"Game of Thrones Season 8, Episode 6: The Iron Throne","In the series finale, the aftermath of Daenerys' destruction is addressed, and Jon Snow makes a pivotal choice regarding her reign. The fate of the Iron Throne is decided, leading to a new chapter for the remaining characters, including Bran Stark being named king.",What fate does Tyrion Lannister face for freeing his brother Jaime and his connection to Daenerys?,"Tyrion is imprisoned but ultimately selected to serve as Bran's Hand, a position leveraging his pragmatic and advisory skills."
"Game of Thrones Season 8, Episode 6: The Iron Throne","In the series finale, the aftermath of Daenerys' destruction is addressed, and Jon Snow makes a pivotal choice regarding her reign. The fate of the Iron Throne is decided, leading to a new chapter for the remaining characters, including Bran Stark being named king.",How is Jon Snow's fate resolved after Daenerys' death?,"Jon is sent to the Night's Watch as a political compromise, bridging peace and his own sense of belonging north."
"Game of Thrones Season 8, Episode 6: The Iron Throne","In the series finale, the aftermath of Daenerys' destruction is addressed, and Jon Snow makes a pivotal choice regarding her reign. The fate of the Iron Throne is decided, leading to a new chapter for the remaining characters, including Bran Stark being named king.",What role does Bran Stark envision for Drogon the dragon after Daenerys' demise?,"Bran expresses interest in finding and locating Drogon, as part of understanding the larger world."
"Game of Thrones Season 8, Episode 6: The Iron Throne","In the series finale, the aftermath of Daenerys' destruction is addressed, and Jon Snow makes a pivotal choice regarding her reign. The fate of the Iron Throne is decided, leading to a new chapter for the remaining characters, including Bran Stark being named king.",What becomes of the Iron Throne in the series finale?,"The Iron Throne is melted by Drogon in frustration and grief after finding Daenerys’ body, symbolizing the end of one era."
"Game of Thrones Season 8, Episode 6: The Iron Throne","In the series finale, the aftermath of Daenerys' destruction is addressed, and Jon Snow makes a pivotal choice regarding her reign. The fate of the Iron Throne is decided, leading to a new chapter for the remaining characters, including Bran Stark being named king.",What choices do the remaining Stark siblings embrace for their respective futures?,"Jon returns beyond the Wall; Sansa reigns over an independent North; Arya explores new realms, expanding the Stark legacy."
"Game of Thrones Season 8, Episode 6: The Iron Throne","In the series finale, the aftermath of Daenerys' destruction is addressed, and Jon Snow makes a pivotal choice regarding her reign. The fate of the Iron Throne is decided, leading to a new chapter for the remaining characters, including Bran Stark being named king.",How is audience sentiment reflected in the aftermath of character arcs and closure?,"Mixed reaction leaves viewers deliberating the connections, with emotional satisfaction paired against abrupt or absent resolutions."
Episode 1: The Heirs of the Dragon,"The series begins with King Viserys I Targaryen choosing a successor to his throne, setting up political intrigue between various factions of the House Targaryen. He faces pressure from different sides, all vying for power and influence over the kingdom.",Who is chosen as the successor to Viserys I Targaryen?,Rhaenyra Targaryen is chosen as the successor to Viserys I Targaryen.
Episode 1: The Heirs of the Dragon,"The series begins with King Viserys I Targaryen choosing a successor to his throne, setting up political intrigue between various factions of the House Targaryen. He faces pressure from different sides, all vying for power and influence over the kingdom.",What critical decision does King Viserys I Targaryen face in the first council meeting?,"He must decide on his heir after multiple miscarriages endured by his wife, Queen Aemma."
Episode 1: The Heirs of the Dragon,"The series begins with King Viserys I Targaryen choosing a successor to his throne, setting up political intrigue between various factions of the House Targaryen. He faces pressure from different sides, all vying for power and influence over the kingdom.",How does King Viserys resolve the succession issue after the death of his newborn son?,"Despite the realm expecting him to name his younger brother, Prince Daemon, as his heir, King Viserys names his daughter, Princess Rhaenyra, as his successor"
Episode 1: The Heirs of the Dragon,"The series begins with King Viserys I Targaryen choosing a successor to his throne, setting up political intrigue between various factions of the House Targaryen. He faces pressure from different sides, all vying for power and influence over the kingdom.",What tragic event befalls Queen Aemma?,"Queen Aemma dies from complications during a harrowing labor, which the King allowed, prioritizing the birth of a male heir."
Episode 1: The Heirs of the Dragon,"The series begins with King Viserys I Targaryen choosing a successor to his throne, setting up political intrigue between various factions of the House Targaryen. He faces pressure from different sides, all vying for power and influence over the kingdom.",How does Prince Daemon react to the news of the newborn prince’s death?,"Daemon insolently celebrates the death at a brothel, which leads to tensions with King Viserys."
Episode 1: The Heirs of the Dragon,"The series begins with King Viserys I Targaryen choosing a successor to his throne, setting up political intrigue between various factions of the House Targaryen. He faces pressure from different sides, all vying for power and influence over the kingdom.",What significant artifact does King Viserys show Rhaenyra in the Red Keep?,He shows her a model of Old Valyria and discusses the importance of their family legacy and his dreams about the future of their dynasty.
Episode 2: The Rogue Prince,"Prince Daemon Targaryen causes a stir with his rebellious actions, challenging the authority of King Viserys. Meanwhile, Rhaenyra begins to assert her own claim to power.",What actions does Prince Daemon take in this episode?,"Prince Daemon Targaryen causes a stir with his rebellious actions, challenging the authority of King Viserys."
Episode 2: The Rogue Prince,"Prince Daemon Targaryen causes a stir with his rebellious actions, challenging the authority of King Viserys. Meanwhile, Rhaenyra begins to assert her own claim to power.",Who does King Viserys consider marrying after the death of Queen Aemma?,"He considers various political alliances and potential brides, including Lady Laena Velaryon, though she is notably younger."
Episode 2: The Rogue Prince,"Prince Daemon Targaryen causes a stir with his rebellious actions, challenging the authority of King Viserys. Meanwhile, Rhaenyra begins to assert her own claim to power.",What actions does Prince Daemon take with the dragon egg that escalates tensions?,"Daemon steals a dragon egg intending to use it for his expected child with Mysaria, which leads to a standoff with the King’s forces."
Episode 2: The Rogue Prince,"Prince Daemon Targaryen causes a stir with his rebellious actions, challenging the authority of King Viserys. Meanwhile, Rhaenyra begins to assert her own claim to power.",How does Rhaenyra assert her authority as heir when sent to retrieve the dragon egg?,"She directly confronts Daemon at Dragonstone, demanding the return of the egg and showing leadership in her role as heir."
Episode 2: The Rogue Prince,"Prince Daemon Targaryen causes a stir with his rebellious actions, challenging the authority of King Viserys. Meanwhile, Rhaenyra begins to assert her own claim to power.",What is the outcome of Rhaenyra's confrontation with Daemon at Dragonstone?,"Daemon yields to Rhaenyra, handing over the egg without bloodshed, thereby respecting her authority."
Episode 2: The Rogue Prince,"Prince Daemon Targaryen causes a stir with his rebellious actions, challenging the authority of King Viserys. Meanwhile, Rhaenyra begins to assert her own claim to power.",Who advises King Viserys on potential matrimonial alliances and what are the implications?,"Otto Hightower advises him, emphasizing the need to strengthen alliances through marriage, which could also help secure Rhaenyra’s position as his heir."
Episode 3: Second of His Name,"King Viserys organizes a royal hunt to celebrate his son Aegon's second name day, but political tensions continue to rise. Rhaenyra feels the pressure of her position and the growing threat to her claim.",What event does King Viserys organize in this episode?,King Viserys organizes a royal hunt to celebrate his son Aegon's second name day.
Episode 3: Second of His Name,"King Viserys organizes a royal hunt to celebrate his son Aegon's second name day, but political tensions continue to rise. Rhaenyra feels the pressure of her position and the growing threat to her claim.","What significant event is celebrated in this episode, and why is it important?","The realm celebrates the second anniversary of King Viserys’ coronation, a crucial event for establishing and reminding others of his rule amidst underlying tensions regarding succession."
Episode 3: Second of His Name,"King Viserys organizes a royal hunt to celebrate his son Aegon's second name day, but political tensions continue to rise. Rhaenyra feels the pressure of her position and the growing threat to her claim.",How does the hunting trip affect the relationships between the characters?,"The hunting trip serves as a backdrop for various political and personal tensions to unfold, particularly among King Viserys, Rhaenyra, and the Hightowers."
Episode 3: Second of His Name,"King Viserys organizes a royal hunt to celebrate his son Aegon's second name day, but political tensions continue to rise. Rhaenyra feels the pressure of her position and the growing threat to her claim.",What relationship dynamics change during the episode?,Relations between Rhaenyra and Alicent Hightower begin to show strain as Alicent's position in the court and her closeness to the King evolve.
Episode 3: Second of His Name,"King Viserys organizes a royal hunt to celebrate his son Aegon's second name day, but political tensions continue to rise. Rhaenyra feels the pressure of her position and the growing threat to her claim.",How does the episode address the issue of the succession crisis?,It highlights the fragility of Rhaenyra’s position as heir and the court's ongoing scheming regarding alliances and future power structures.
Episode 3: Second of His Name,"King Viserys organizes a royal hunt to celebrate his son Aegon's second name day, but political tensions continue to rise. Rhaenyra feels the pressure of her position and the growing threat to her claim.",What strategic decisions are made by King Viserys regarding his marriage?,"King Viserys decides to marry Alicent Hightower, which solidifies the Hightower family’s influence at court and potentially complicates Rhaenyra’s claim to the throne."
Episode 4: King of the Narrow Sea,Daemon returns to King's Landing with intentions that are questioned. Rhaenyra continues to explore her role and position in the court.,What new challenges face Princess Rhaenyra as she adjusts to her role?,"Rhaenyra grapples with the political expectations of her position, the need for an advantageous marriage, and her personal desires for independence."
Episode 4: King of the Narrow Sea,Daemon returns to King's Landing with intentions that are questioned. Rhaenyra continues to explore her role and position in the court.,How does Prince Daemon's return to King’s Landing impact the court?,"Daemon’s return stirs political intrigue, rekindles his complicated relationship with Rhaenyra, and poses challenges to King Viserys’ rule."
Episode 4: King of the Narrow Sea,Daemon returns to King's Landing with intentions that are questioned. Rhaenyra continues to explore her role and position in the court.,Describe the relationship between Rhaenyra and Prince Daemon during his visit?,"Their relationship is complex, marked by familial closeness, mutual understanding, and underlying tension due to their respective ambitions and the potential implications for the succession."
Episode 4: King of the Narrow Sea,Daemon returns to King's Landing with intentions that are questioned. Rhaenyra continues to explore her role and position in the court.,What decision does Rhaenyra make regarding her suitors presented at court?,"Rhaenyra rejects the suitors presented to her, demonstrating her resistance to political manipulation and her desire to control her own destiny."
Episode 4: King of the Narrow Sea,Daemon returns to King's Landing with intentions that are questioned. Rhaenyra continues to explore her role and position in the court.,How do the rumors about Rhaenyra and Daemon affect her reputation and her position as heir?,"The rumors significantly tarnish Rhaenyra’s reputation, challenging her authority and legitimacy as heir, and lead to significant familial and political fallout. "
Episode 5: We Light The Way,The tension rises as alliances are made and broken in the pursuit of power. Rhaenyra faces an important decision.,What is the significance of Ser Criston Cole's actions during the tourney?,"Ser Criston Cole's harmful actions against Ser Joffrey Lonmouth at the tourney escalate tensions and affect the alliances being formed, particularly demonstrating the lethal extents of loyalty and rivalry in the court."
Episode 5: We Light The Way,The tension rises as alliances are made and broken in the pursuit of power. Rhaenyra faces an important decision.,How does the betrothal between Princess Rhaenyra and Ser Laenor Velaryon progress in this episode?,"The betrothal is formally announced and is supposed to unite two powerful Valyrian houses, reinforcing Rhaenyra's claim and ensuring military and political support; however, personal tensions and differing sexual preferences of the betrothed complicate matters."
Episode 5: We Light The Way,The tension rises as alliances are made and broken in the pursuit of power. Rhaenyra faces an important decision.,What are the implications of the private meeting between Daemon Targaryen and Rhaenyra in this episode?,"Their encounter, filled with emotional and sexual tension, culminates in Rhaenyra facing a critical choice between personal desires and political duties, which also stirs significant courtly gossip and scandal."
Episode 5: We Light The Way,The tension rises as alliances are made and broken in the pursuit of power. Rhaenyra faces an important decision.,How does Queen Alicent Hightower's stance towards Rhaenyra change?,"Alicent becomes increasingly distrustful and hostile towards Rhaenyra, particularly after witnessing compromising situations that question Rhaenyra's virtue and suitability as heir."
Episode 5: We Light The Way,The tension rises as alliances are made and broken in the pursuit of power. Rhaenyra faces an important decision.,"What key event concludes the episode, marking a turning point in Rhaenyra and Alicent’s relationship?","The episode concludes dramatically with a miscommunication at the end of the wedding feast, leading Alicent to make a public display of defiance by wearing a green dress, a symbol for calling the Hightower banners to war, thus openly declaring her opposition to Rhaenyra."
Episode 6: The Princess and the Queen,Years pass and the balance of power within the Targaryen family shifts. Rhaenyra and Alicent have grown into their roles as major players in the political scene.,What significant development occurs in this episode?,"Years pass, and the balance of power within the Targaryen family shifts."
Episode 6: The Princess and the Queen,Years pass and the balance of power within the Targaryen family shifts. Rhaenyra and Alicent have grown into their roles as major players in the political scene.,How does the time jump affect the political landscape of the series?,"The ten-year time jump shows matured conflicts, established familial dynamics, and deepened political divisions, particularly highlighting the rift between the greens (Alicent's supporters) and the blacks (Rhaenyra's supporters)."
Episode 6: The Princess and the Queen,Years pass and the balance of power within the Targaryen family shifts. Rhaenyra and Alicent have grown into their roles as major players in the political scene.,What are the repercussions of Rhaenyra's and Laenor’s extramarital pursuits?,"Their respective relationships outside their marriage lead to personal complications and political vulnerabilities, affecting both their reputations and the stability of their alliance."
Episode 6: The Princess and the Queen,Years pass and the balance of power within the Targaryen family shifts. Rhaenyra and Alicent have grown into their roles as major players in the political scene.,How do Rhaenyra’s children factor into the growing tensions at court?,"Rhaenyra's children, who visibly do not resemble their nominal father Laenor, become subjects of rumor and scandal, suggesting infidelity and questioning their legitimacy and her integrity."
Episode 6: The Princess and the Queen,Years pass and the balance of power within the Targaryen family shifts. Rhaenyra and Alicent have grown into their roles as major players in the political scene.,What critical mistake does Ser Criston Cole make in this episode?,"Ser Criston Cole's actions, driven by jealousy and loyalty, lead to violent implications and deepen the division within the court, contributing to an eventual breakout of conflict."
Episode 6: The Princess and the Queen,Years pass and the balance of power within the Targaryen family shifts. Rhaenyra and Alicent have grown into their roles as major players in the political scene.,How does King Viserys attempt to address the discord between Alicent and Rhaenyra?,"King Viserys tries to mediate, pushing for family unity in face of the realm’s precarious stability, but his interventions are largely ineffective due to the hardened positions on both sides."
Episode 7: Driftmark,"As the families gather on Driftmark for a funeral, Viserys calls for an end to infighting, and Alicent demands justice.",What tragic event sparks further conflict between the Hightower and Targaryen factions?,"The death of Laena Velaryon under dramatic circumstances contributes to the exacerbation of tensions, pushing the Velaryon support more definitively towards Team Black, Rhaenyra’s side."
Episode 7: Driftmark,"As the families gather on Driftmark for a funeral, Viserys calls for an end to infighting, and Alicent demands justice.",How does Lord Corlys Velaryon's position influence the political dynamic?,"As a powerful lord with a formidable navy, Lord Corlys’s shifting loyalties and responses to personal and political crises significantly influence the power dynamics and decision-making at court."
Episode 7: Driftmark,"As the families gather on Driftmark for a funeral, Viserys calls for an end to infighting, and Alicent demands justice.",What does the gathering at Driftmark reveal about the effectiveness of King Viserys' rule?,"It underscores King Viserys's diminishing influence and health, and his decreasing ability to control or mitigate the factions within his own family and court."
Episode 7: Driftmark,"As the families gather on Driftmark for a funeral, Viserys calls for an end to infighting, and Alicent demands justice.",How do Alicent and Rhaenyra's sons affect their mothers’ conflict?,"Their interactions, filled with hostility and rivalry, reflect and intensify their mothers' feud, hinting at the emerging new generation of conflict."
Episode 7: Driftmark,"As the families gather on Driftmark for a funeral, Viserys calls for an end to infighting, and Alicent demands justice.","What dire confrontation occurs at the end of the episode, and what does it signify for the future of the Targaryen dynasty?","A significant fight between young Aemond Targaryen and Lucerys Velaryon, which results in Aemond losing an eye, symbolizes the irreparable rift and foreshadows the violent struggle for power that will engulf the dynasty."
Episode 8: The Lord of the Tides,"Viserys, ill and delirious, mistakes his wife Alicent for his daughter Rhaenyra; he appeals to his family to settle their differences for the good of the kingdom; Alicent has to deal with a crime in the house.",What key decision does Prince Aemond make regarding his status and power?,"Aemond claims the dragon Vhagar, marking a significant assertion of his power and an escalation in his personal quest for influence and revenge."
Episode 8: The Lord of the Tides,"Viserys, ill and delirious, mistakes his wife Alicent for his daughter Rhaenyra; he appeals to his family to settle their differences for the good of the kingdom; Alicent has to deal with a crime in the house.",How is Lord Corlys Velaryon’s health crisis pivotal to the storyline?,"His health crisis triggers a succession dispute within House Velaryon, drawing in the Targaryen factions as they vie for influence over this powerful house’s fleet and resources."
Episode 8: The Lord of the Tides,"Viserys, ill and delirious, mistakes his wife Alicent for his daughter Rhaenyra; he appeals to his family to settle their differences for the good of the kingdom; Alicent has to deal with a crime in the house.",What role does Princess Rhaenys play in the political chess game during this episode?,"Rhaenys manages to balance her position between her family loyalty to the Velaryons and the political realities of aligning with the Targaryens, providing critical support at pivotal moments."
Episode 8: The Lord of the Tides,"Viserys, ill and delirious, mistakes his wife Alicent for his daughter Rhaenyra; he appeals to his family to settle their differences for the good of the kingdom; Alicent has to deal with a crime in the house.",How does King Viserys’ failing health affect his decisions and the stability of the realm?,"His poor health undermines his authority and hastens the manipulations around the succession, leading to decisions that not all factions find acceptable."
Episode 8: The Lord of the Tides,"Viserys, ill and delirious, mistakes his wife Alicent for his daughter Rhaenyra; he appeals to his family to settle their differences for the good of the kingdom; Alicent has to deal with a crime in the house.",Describe the culminating conflict of this episode and its significance?,"The significant power play at a council meeting, where allegiances are tested and political gambits are enacted, underscores the impending breakdown of royal authority and the looming civil war."
Episode 9: The Green Council,"Tensions begin to rise in the royal court as the new coronation draws near; while Alicent enlists Cole and Aemond to track down Aegon, Otto gathers the great houses of Westeros to affirm their allegiance.","How does King Viserys' death catalyze the actions of Queen Alicent and her father, Otto Hightower?","His death triggers immediate secretive actions by Alicent and Otto, as they convene a council to swiftly secure power for Aegon, preempting any claim by Rhaenyra."
Episode 9: The Green Council,"Tensions begin to rise in the royal court as the new coronation draws near; while Alicent enlists Cole and Aemond to track down Aegon, Otto gathers the great houses of Westeros to affirm their allegiance.",What strategies do the greens employ to bolster Aegon’s claim to the throne?,"They use a combination of persuasion, threats, and rapid mobilization of forces to consolidate support among the lords of the court, manipulating the narrative of succession."
Episode 9: The Green Council,"Tensions begin to rise in the royal court as the new coronation draws near; while Alicent enlists Cole and Aemond to track down Aegon, Otto gathers the great houses of Westeros to affirm their allegiance.",How is Prince Aegon’s reluctance to be king portrayed and resolved?,"Aegon’s reluctance is portrayed through his hesitance and fleeing from the responsibility, but it is resolved by the persuasive and coercive efforts of his mother and grandfather, emphasizing the manipulations within the family."
Episode 9: The Green Council,"Tensions begin to rise in the royal court as the new coronation draws near; while Alicent enlists Cole and Aemond to track down Aegon, Otto gathers the great houses of Westeros to affirm their allegiance.",What significant actions does Ser Criston Cole undertake in the power shift?,"Ser Criston Cole plays a crucial role as an enforcer for the greens, particularly in securing the Red Keep and dealing with dissent, showcasing his shift from a knight to a political player."
Episode 9: The Green Council,"Tensions begin to rise in the royal court as the new coronation draws near; while Alicent enlists Cole and Aemond to track down Aegon, Otto gathers the great houses of Westeros to affirm their allegiance.",Describe the crowning of Aegon II and its immediate implications?,"Aegon II’s crowning, despite his own doubts and a divided court, signifies the official split of the realm into two warring factions, setting the stage for the Targaryen civil war known as the Dance of the Dragons."
Episode 10: The Black Queen,"Rhaenyra tries to hold the realm together as the tension rises following a tragic loss. Meanwhile, Daemon prepares for war.",How does Rhaenyra react to the news of her father’s death and Aegon’s crowning?,"Rhaenyra initially reacts with profound grief and shock, but quickly transitions into a mode of strategic planning and response, aiming to contest the usurpation and assert her rightful claim."
Episode 10: The Black Queen,"Rhaenyra tries to hold the realm together as the tension rises following a tragic loss. Meanwhile, Daemon prepares for war.",What challenges does Rhaenyra face in rallying support for her claim?,"She faces skepticism, the need to secure loyalty quickly among her allies, and the challenge of presenting a united front despite the shock and potential betrayals within her ranks."
Episode 10: The Black Queen,"Rhaenyra tries to hold the realm together as the tension rises following a tragic loss. Meanwhile, Daemon prepares for war.","How is the issue of succession handled within Rhaenyra’s own family, particularly regarding her sons?","Her sons are pivotal in her strategy; they serve as envoys and military leaders, strengthening her claim through their actions and engagements with other lords."
Episode 10: The Black Queen,"Rhaenyra tries to hold the realm together as the tension rises following a tragic loss. Meanwhile, Daemon prepares for war.",What strategic moves does Rhaenyra make to strengthen her position in the impending conflict?,"Rhaenyra consolidates power by securing the allegiance of key houses, planning military actions, and using her dragons as powerful symbols and tools of war."
Episode 10: The Black Queen,"Rhaenyra tries to hold the realm together as the tension rises following a tragic loss. Meanwhile, Daemon prepares for war.",Describe the episode’s climax and its significance for the future episodes?,"The climax involves a pivotal moment where Rhaenyra, donned in Targaryen black and red, officially declares herself the rightful monarch, symbolizing her transition from a political figure to a warring queen, ready to engage in the Dance of the Dragons to claim her inheritance."
